{
  "urls": [
    "ch1.mp3",
    "ch1.ogg",
    "ch1.m4a"
  ],
  "sprite": {
    "silence": [
      0,
      1000,
      true
    ],
    "BetDown": [
      1050,
      237.48299319727883
    ],
    "BonusDrop": [
      2100,
      1241.6553287981862
    ],
    "Match": [
      4150,
      2280.272108843537
    ],
    "MusicNightTermLose": [
      7200,
      3040.544217687075
    ],
    "MusicNightTermWin": [
      11250,
      3006.8027210884356
    ],
    "MusicTermLose": [
      15300,
      1853.4467120181403
    ],
    "MusicTermWin": [
      17350,
      4568.979591836736
    ]
  }
}