{
  "urls": [
    "ch6.mp3",
    "ch6.ogg",
    "ch6.m4a"
  ],
  "sprite": {
    "silence": [
      0,
      1000,
      true
    ],
    "BlockDrop05": [
      1050,
      374.9886621315193
    ],
    "LineMatch05": [
      2100,
      875.011337868481
    ]
  }
}