{
  "urls": [
    "ch0.mp3",
    "ch0.ogg",
    "ch0.m4a"
  ],
  "sprite": {
    "silence": [
      0,
      1000,
      true
    ],
    "MusicLoopDay": [
      1050,
      22068.979591836734
    ],
    "MusicLoopNight": [
      24100,
      12962.902494331069
    ]
  }
}