{
  "urls": [
    "ch7.mp3",
    "ch7.ogg",
    "ch7.m4a"
  ],
  "sprite": {
    "silence": [
      0,
      1000,
      true
    ],
    "BlockDrop06": [
      1050,
      374.9886621315193
    ],
    "LineMatch06": [
      2100,
      875.011337868481
    ]
  }
}