{
  "urls": [
    "ch4.mp3",
    "ch4.ogg",
    "ch4.m4a"
  ],
  "sprite": {
    "silence": [
      0,
      1000,
      true
    ],
    "BlockDrop03": [
      1050,
      374.9886621315193
    ],
    "Click": [
      2100,
      501.4058956916099
    ],
    "LineMatch03": [
      3150,
      875.011337868481
    ]
  }
}