{
  "urls": [
    "ch5.mp3",
    "ch5.ogg",
    "ch5.m4a"
  ],
  "sprite": {
    "silence": [
      0,
      1000,
      true
    ],
    "BlockDrop04": [
      1050,
      374.9886621315193
    ],
    "LineMatch04": [
      2100,
      875.011337868481
    ]
  }
}