{
  "urls": [
    "ch10.mp3",
    "ch10.ogg",
    "ch10.m4a"
  ],
  "sprite": {
    "silence": [
      0,
      1000,
      true
    ],
    "BlockDrop09": [
      1050,
      374.9886621315193
    ],
    "BonusTurnsIncrease": [
      2100,
      1344.5804988662132
    ]
  }
}