{
  "urls": [
    "ch2.mp3",
    "ch2.ogg",
    "ch2.m4a"
  ],
  "sprite": {
    "silence": [
      0,
      1000,
      true
    ],
    "BetUp": [
      1050,
      191.67800453514738
    ],
    "BlockDrop01": [
      2100,
      374.98866213151905
    ],
    "BuyButton": [
      3150,
      1373.9909297052154
    ],
    "FreeSpinsTransition": [
      5200,
      3249.977324263038
    ],
    "LineMatch01": [
      9250,
      875.0113378684805
    ]
  }
}