{
  "urls": [
    "ch3.mp3",
    "ch3.ogg",
    "ch3.m4a"
  ],
  "sprite": {
    "silence": [
      0,
      1000,
      true
    ],
    "BetMax": [
      1050,
      791.4739229024943
    ],
    "BlockDrop02": [
      2100,
      374.98866213151905
    ],
    "BonusTurnsIncrease": [
      3150,
      1344.5804988662132
    ],
    "LineMatch02": [
      5200,
      875.0113378684805
    ]
  }
}