{
  "urls": [
    "ch8.mp3",
    "ch8.ogg",
    "ch8.m4a"
  ],
  "sprite": {
    "silence": [
      0,
      1000,
      true
    ],
    "BlockDrop07": [
      1050,
      374.9886621315193
    ],
    "LineMatch07": [
      2100,
      875.011337868481
    ]
  }
}